{
    "example01-basic": {
        "title": "1. Basic"
    },
    "example02-inline-style": {
        "title": "2. Inline style"
    },
    "example03-selectable-ranges": {
        "title": "3. Having selectable ranges"
    },
    "example04-having-timepicker": {
        "title": "4. Having Timepicker"
    },
    "example05-picking-month": {
        "title": "5. Picking month"
    },
    "example06-picking-year": {
        "title": "6. Picking year"
    },
    "example07-calendar": {
        "title": "7. Calendar"
    },
    "example08-daterangepicker": {
        "title": "8. DateRangePicker"
    }
}
